id,dx
acnea (1).jpg,acnea
acnea (2).jpg,acnea
acnea (3).jpg,acnea
acnea (4).jpg,acnea
acnea (5).jpg,acnea
acnea (6).jpg,acnea
acnea (7).jpg,acnea
acnea (8).jpg,acnea
acnea (9).jpg,acnea
acnea (10).jpg,acnea
acnea (11).jpg,acnea
acnea (12).jpg,acnea
acnea (13).jpg,acnea
acnea (14).jpg,acnea
acnea (15).jpg,acnea
acnea (16).jpg,acnea
acnea (17).jpg,acnea
acnea (18).jpg,acnea
acnea (19).jpg,acnea
acnea (20).jpg,acnea
acnea (21).jpg,acnea
acnea (22).jpg,acnea
acnea (23).jpg,acnea
acnea (24).jpg,acnea
acnea (25).jpg,acnea
acnea (26).jpg,acnea
acnea (27).jpg,acnea
acnea (28).jpg,acnea
acnea (29).jpg,acnea
acnea (30).jpg,acnea
acnea (31).jpg,acnea
acnea (32).jpg,acnea
acnea (33).jpg,acnea
acnea (34).jpg,acnea
acnea (35).jpg,acnea
acnea (36).jpg,acnea
acnea (37).jpg,acnea
acnea (38).jpg,acnea
acnea (39).jpg,acnea
acnea (40).jpg,acnea
acnea (41).jpg,acnea
acnea (42).jpg,acnea
acnea (43).jpg,acnea
acnea (44).jpg,acnea
acnea (45).jpg,acnea
acnea (46).jpg,acnea
acnea (47).jpg,acnea
acnea (48).jpg,acnea
acnea (49).jpg,acnea
acnea (50).jpg,acnea
acnea (51).jpg,acnea
acnea (52).jpg,acnea
acnea (53).jpg,acnea
acnea (54).jpg,acnea
acnea (55).jpg,acnea
acnea (56).jpg,acnea
acnea (57).jpg,acnea
acnea (58).jpg,acnea
acnea (59).jpg,acnea
acnea (60).jpg,acnea
acnea (61).jpg,acnea
acnea (62).jpg,acnea
acnea (63).jpg,acnea
acnea (64).jpg,acnea
acnea (65).jpg,acnea
acnea (66).jpg,acnea
acnea (67).jpg,acnea
acnea (68).jpg,acnea
acnea (69).jpg,acnea
acnea (70).jpg,acnea
acnea (71).jpg,acnea
acnea (72).jpg,acnea
acnea (73).jpg,acnea
acnea (74).jpg,acnea
acnea (75).jpg,acnea
acnea (76).jpg,acnea
acnea (77).jpg,acnea
acnea (78).jpg,acnea
acnea (79).jpg,acnea
acnea (80).jpg,acnea
acnea (81).jpg,acnea
acnea (82).jpg,acnea
acnea (83).jpg,acnea
acnea (84).jpg,acnea
acnea (85).jpg,acnea
acnea (86).jpg,acnea
acnea (87).jpg,acnea
acnea (88).jpg,acnea
acnea (89).jpg,acnea
acnea (90).jpg,acnea
acnea (91).jpg,acnea
acnea (92).jpg,acnea
acnea (93).jpg,acnea
acnea (94).jpg,acnea
acnea (95).jpg,acnea
acnea (96).jpg,acnea
acnea (97).jpg,acnea
acnea (98).jpg,acnea
acnea (99).jpg,acnea
acnea (100).jpg,acnea
acnea (101).jpg,acnea
acnea (102).jpg,acnea
acnea (103).jpg,acnea
acnea (104).jpg,acnea
acnea (105).jpg,acnea
acnea (106).jpg,acnea
acnea (107).jpg,acnea
acnea (108).jpg,acnea
acnea (109).jpg,acnea
acnea (110).jpg,acnea
acnea (111).jpg,acnea
acnea (112).jpg,acnea
acnea (113).jpg,acnea
acnea (114).jpg,acnea
acnea (115).jpg,acnea
acnea (116).jpg,acnea
acnea (117).jpg,acnea
acnea (118).jpg,acnea
acnea (119).jpg,acnea
acnea (120).jpg,acnea
acnea (121).jpg,acnea
acnea (122).jpg,acnea
acnea (123).jpg,acnea
acnea (124).jpg,acnea
acnea (125).jpg,acnea
acnea (126).jpg,acnea
acnea (127).jpg,acnea
acnea (128).jpg,acnea
acnea (129).jpg,acnea
acnea (130).jpg,acnea
acnea (131).jpg,acnea
acnea (132).jpg,acnea
acnea (133).jpg,acnea
acnea (134).jpg,acnea
acnea (135).jpg,acnea
acnea (136).jpg,acnea
acnea (137).jpg,acnea
acnea (138).jpg,acnea
acnea (139).jpg,acnea
acnea (140).jpg,acnea
acnea (141).jpg,acnea
acnea (142).jpg,acnea
acnea (143).jpg,acnea
acnea (144).jpg,acnea
acnea (145).jpg,acnea
acnea (146).jpg,acnea
acnea (147).jpg,acnea
acnea (148).jpg,acnea
acnea (149).jpg,acnea
acnea (150).jpg,acnea
acnea (151).jpg,acnea
acnea (152).jpg,acnea
acnea (153).jpg,acnea
acnea (154).jpg,acnea
acnea (155).jpg,acnea
acnea (156).jpg,acnea
acnea (157).jpg,acnea
acnea (158).jpg,acnea
acnea (159).jpg,acnea
acnea (160).jpg,acnea
acnea (161).jpg,acnea
acnea (162).jpg,acnea
acnea (163).jpg,acnea
acnea (164).jpg,acnea
acnea (165).jpg,acnea
acnea (166).jpg,acnea
acnea (167).jpg,acnea
acnea (168).jpg,acnea
acnea (169).jpg,acnea
acnea (170).jpg,acnea
acnea (171).jpg,acnea
acnea (172).jpg,acnea
acnea (173).jpg,acnea
acnea (174).jpg,acnea
acnea (175).jpg,acnea
acnea (176).jpg,acnea
acnea (177).jpg,acnea
acnea (178).jpg,acnea
acnea (179).jpg,acnea
acnea (180).jpg,acnea
acnea (181).jpg,acnea
acnea (182).jpg,acnea
acnea (183).jpg,acnea
acnea (184).jpg,acnea
acnea (185).jpg,acnea
acnea (186).jpg,acnea
acnea (187).jpg,acnea
acnea (188).jpg,acnea
acnea (189).jpg,acnea
acnea (190).jpg,acnea
acnea (191).jpg,acnea
acnea (192).jpg,acnea
acnea (193).jpg,acnea
acnea (194).jpg,acnea
acnea (195).jpg,acnea
acnea (196).jpg,acnea
acnea (197).jpg,acnea
acnea (198).jpg,acnea
acnea (199).jpg,acnea
acnea (200).jpg,acnea
acnea (201).jpg,acnea
acnea (202).jpg,acnea
acnea (203).jpg,acnea
acnea (204).jpg,acnea
acnea (205).jpg,acnea
acnea (206).jpg,acnea
acnea (207).jpg,acnea
acnea (208).jpg,acnea
acnea (209).jpg,acnea
acnea (210).jpg,acnea
acnea (211).jpg,acnea
acnea (212).jpg,acnea
acnea (213).jpg,acnea
acnea (214).jpg,acnea
acnea (215).jpg,acnea
acnea (216).jpg,acnea
acnea (217).jpg,acnea
acnea (218).jpg,acnea
acnea (219).jpg,acnea
acnea (220).jpg,acnea
acnea (221).jpg,acnea
acnea (222).jpg,acnea
acnea (223).jpg,acnea
acnea (224).jpg,acnea
acnea (225).jpg,acnea
acnea (226).jpg,acnea
acnea (227).jpg,acnea
acnea (228).jpg,acnea
acnea (229).jpg,acnea
acnea (230).jpg,acnea
acnea (231).jpg,acnea
acnea (232).jpg,acnea
acnea (233).jpg,acnea
acnea (234).jpg,acnea
acnea (235).jpg,acnea
acnea (236).jpg,acnea
acnea (237).jpg,acnea
acnea (238).jpg,acnea
acnea (239).jpg,acnea
acnea (240).jpg,acnea
acnea (241).jpg,acnea
acnea (242).jpg,acnea
acnea (243).jpg,acnea
acnea (244).jpg,acnea
acnea (245).jpg,acnea
acnea (246).jpg,acnea
acnea (247).jpg,acnea
acnea (248).jpg,acnea
bacterial_infection (1).jpg,bacterial_infection
bacterial_infection (2).jpg,bacterial_infection
bacterial_infection (3).jpg,bacterial_infection
bacterial_infection (4).jpg,bacterial_infection
bacterial_infection (5).jpg,bacterial_infection
bacterial_infection (6).jpg,bacterial_infection
bacterial_infection (7).jpg,bacterial_infection
bacterial_infection (8).jpg,bacterial_infection
bacterial_infection (9).jpg,bacterial_infection
bacterial_infection (10).jpg,bacterial_infection
bacterial_infection (11).jpg,bacterial_infection
bacterial_infection (12).jpg,bacterial_infection
bacterial_infection (13).jpg,bacterial_infection
bacterial_infection (14).jpg,bacterial_infection
bacterial_infection (15).jpg,bacterial_infection
bacterial_infection (16).jpg,bacterial_infection
bacterial_infection (17).jpg,bacterial_infection
bacterial_infection (18).jpg,bacterial_infection
bacterial_infection (19).jpg,bacterial_infection
bacterial_infection (20).jpg,bacterial_infection
bacterial_infection (21).jpg,bacterial_infection
bacterial_infection (22).jpg,bacterial_infection
bacterial_infection (23).jpg,bacterial_infection
bacterial_infection (24).jpg,bacterial_infection
bacterial_infection (25).jpg,bacterial_infection
bacterial_infection (26).jpg,bacterial_infection
bacterial_infection (27).jpg,bacterial_infection
bacterial_infection (28).jpg,bacterial_infection
bacterial_infection (29).jpg,bacterial_infection
bacterial_infection (30).jpg,bacterial_infection
bacterial_infection (31).jpg,bacterial_infection
bacterial_infection (32).jpg,bacterial_infection
bacterial_infection (33).jpg,bacterial_infection
bacterial_infection (34).jpg,bacterial_infection
bacterial_infection (35).jpg,bacterial_infection
bacterial_infection (36).jpg,bacterial_infection
bacterial_infection (37).jpg,bacterial_infection
bacterial_infection (38).jpg,bacterial_infection
bacterial_infection (39).jpg,bacterial_infection
bacterial_infection (40).jpg,bacterial_infection
bacterial_infection (41).jpg,bacterial_infection
bacterial_infection (42).jpg,bacterial_infection
bacterial_infection (43).jpg,bacterial_infection
bacterial_infection (44).jpg,bacterial_infection
bacterial_infection (45).jpg,bacterial_infection
bacterial_infection (46).jpg,bacterial_infection
bacterial_infection (47).jpg,bacterial_infection
bacterial_infection (48).jpg,bacterial_infection
bacterial_infection (49).jpg,bacterial_infection
bacterial_infection (50).jpg,bacterial_infection
bacterial_infection (51).jpg,bacterial_infection
bacterial_infection (52).jpg,bacterial_infection
bacterial_infection (53).jpg,bacterial_infection
bacterial_infection (54).jpg,bacterial_infection
bacterial_infection (55).jpg,bacterial_infection
bacterial_infection (56).jpg,bacterial_infection
bacterial_infection (57).jpg,bacterial_infection
bacterial_infection (58).jpg,bacterial_infection
bacterial_infection (59).jpg,bacterial_infection
bacterial_infection (60).jpg,bacterial_infection
bacterial_infection (61).jpg,bacterial_infection
bacterial_infection (62).jpg,bacterial_infection
bacterial_infection (63).jpg,bacterial_infection
bacterial_infection (64).jpg,bacterial_infection
bacterial_infection (65).jpg,bacterial_infection
bacterial_infection (66).jpg,bacterial_infection
bacterial_infection (67).jpg,bacterial_infection
bacterial_infection (68).jpg,bacterial_infection
bacterial_infection (69).jpg,bacterial_infection
bacterial_infection (70).jpg,bacterial_infection
bacterial_infection (71).jpg,bacterial_infection
bacterial_infection (72).jpg,bacterial_infection
bacterial_infection (73).jpg,bacterial_infection
bacterial_infection (74).jpg,bacterial_infection
bacterial_infection (75).jpg,bacterial_infection
bacterial_infection (76).jpg,bacterial_infection
bacterial_infection (77).jpg,bacterial_infection
bacterial_infection (78).jpg,bacterial_infection
bacterial_infection (79).jpg,bacterial_infection
bacterial_infection (80).jpg,bacterial_infection
bacterial_infection (81).jpg,bacterial_infection
bacterial_infection (82).jpg,bacterial_infection
bacterial_infection (83).jpg,bacterial_infection
bacterial_infection (84).jpg,bacterial_infection
bacterial_infection (85).jpg,bacterial_infection
bacterial_infection (86).jpg,bacterial_infection
bacterial_infection (87).jpg,bacterial_infection
bacterial_infection (88).jpg,bacterial_infection
bacterial_infection (89).jpg,bacterial_infection
bacterial_infection (90).jpg,bacterial_infection
bacterial_infection (91).jpg,bacterial_infection
bacterial_infection (92).jpg,bacterial_infection
bacterial_infection (93).jpg,bacterial_infection
bacterial_infection (94).jpg,bacterial_infection
bacterial_infection (95).jpg,bacterial_infection
bacterial_infection (96).jpg,bacterial_infection
bacterial_infection (97).jpg,bacterial_infection
bacterial_infection (98).jpg,bacterial_infection
bacterial_infection (99).jpg,bacterial_infection
bacterial_infection (100).jpg,bacterial_infection
bacterial_infection (101).jpg,bacterial_infection
bacterial_infection (102).jpg,bacterial_infection
bacterial_infection (103).jpg,bacterial_infection
bacterial_infection (104).jpg,bacterial_infection
bacterial_infection (105).jpg,bacterial_infection
bacterial_infection (106).jpg,bacterial_infection
bacterial_infection (107).jpg,bacterial_infection
bacterial_infection (108).jpg,bacterial_infection
bacterial_infection (109).jpg,bacterial_infection
bacterial_infection (110).jpg,bacterial_infection
bacterial_infection (111).jpg,bacterial_infection
bacterial_infection (112).jpg,bacterial_infection
bacterial_infection (113).jpg,bacterial_infection
bacterial_infection (114).jpg,bacterial_infection
bacterial_infection (115).jpg,bacterial_infection
bacterial_infection (116).jpg,bacterial_infection
bacterial_infection (117).jpg,bacterial_infection
bacterial_infection (118).jpg,bacterial_infection
bacterial_infection (119).jpg,bacterial_infection
bacterial_infection (120).jpg,bacterial_infection
bacterial_infection (121).jpg,bacterial_infection
bacterial_infection (122).jpg,bacterial_infection
bacterial_infection (123).jpg,bacterial_infection
bacterial_infection (124).jpg,bacterial_infection
bacterial_infection (125).jpg,bacterial_infection
bacterial_infection (126).jpg,bacterial_infection
bacterial_infection (127).jpg,bacterial_infection
bacterial_infection (128).jpg,bacterial_infection
bacterial_infection (129).jpg,bacterial_infection
bacterial_infection (130).jpg,bacterial_infection
bacterial_infection (131).jpg,bacterial_infection
bacterial_infection (132).jpg,bacterial_infection
bacterial_infection (133).jpg,bacterial_infection
bacterial_infection (134).jpg,bacterial_infection
bacterial_infection (135).jpg,bacterial_infection
bacterial_infection (136).jpg,bacterial_infection
bacterial_infection (137).jpg,bacterial_infection
bacterial_infection (138).jpg,bacterial_infection
bacterial_infection (139).jpg,bacterial_infection
bacterial_infection (140).jpg,bacterial_infection
bacterial_infection (141).jpg,bacterial_infection
bacterial_infection (142).jpg,bacterial_infection
bacterial_infection (143).jpg,bacterial_infection
bacterial_infection (144).jpg,bacterial_infection
bacterial_infection (145).jpg,bacterial_infection
bacterial_infection (146).jpg,bacterial_infection
bacterial_infection (147).jpg,bacterial_infection
bacterial_infection (148).jpg,bacterial_infection
bacterial_infection (149).jpg,bacterial_infection
bacterial_infection (150).jpg,bacterial_infection
bacterial_infection (151).jpg,bacterial_infection
bacterial_infection (152).jpg,bacterial_infection
bacterial_infection (153).jpg,bacterial_infection
bacterial_infection (154).jpg,bacterial_infection
bacterial_infection (155).jpg,bacterial_infection
bacterial_infection (156).jpg,bacterial_infection
bacterial_infection (157).jpg,bacterial_infection
bacterial_infection (158).jpg,bacterial_infection
bacterial_infection (159).jpg,bacterial_infection
bacterial_infection (160).jpg,bacterial_infection
bacterial_infection (161).jpg,bacterial_infection
bacterial_infection (162).jpg,bacterial_infection
bacterial_infection (163).jpg,bacterial_infection
bacterial_infection (164).jpg,bacterial_infection
bacterial_infection (165).jpg,bacterial_infection
bacterial_infection (166).jpg,bacterial_infection
bacterial_infection (167).jpg,bacterial_infection
bacterial_infection (168).jpg,bacterial_infection
bacterial_infection (169).jpg,bacterial_infection
bacterial_infection (170).jpg,bacterial_infection
bacterial_infection (171).jpg,bacterial_infection
bacterial_infection (172).jpg,bacterial_infection
bacterial_infection (173).jpg,bacterial_infection
bacterial_infection (174).jpg,bacterial_infection
bacterial_infection (175).jpg,bacterial_infection
bacterial_infection (176).jpg,bacterial_infection
bacterial_infection (177).jpg,bacterial_infection
bacterial_infection (178).jpg,bacterial_infection
bacterial_infection (179).jpg,bacterial_infection
bacterial_infection (180).jpg,bacterial_infection
bacterial_infection (181).jpg,bacterial_infection
bacterial_infection (182).jpg,bacterial_infection
bacterial_infection (183).jpg,bacterial_infection
bacterial_infection (184).jpg,bacterial_infection
bacterial_infection (185).jpg,bacterial_infection
bacterial_infection (186).jpg,bacterial_infection
bacterial_infection (187).jpg,bacterial_infection
fungal_infection (1).jpg,fungal_infection
fungal_infection (2).jpg,fungal_infection
fungal_infection (3).jpg,fungal_infection
fungal_infection (4).jpg,fungal_infection
fungal_infection (5).jpg,fungal_infection
fungal_infection (6).jpg,fungal_infection
fungal_infection (7).jpg,fungal_infection
fungal_infection (8).jpg,fungal_infection
fungal_infection (9).jpg,fungal_infection
fungal_infection (10).jpg,fungal_infection
fungal_infection (11).jpg,fungal_infection
fungal_infection (12).jpg,fungal_infection
fungal_infection (13).jpg,fungal_infection
fungal_infection (14).jpg,fungal_infection
fungal_infection (15).jpg,fungal_infection
fungal_infection (16).jpg,fungal_infection
fungal_infection (17).jpg,fungal_infection
fungal_infection (18).jpg,fungal_infection
fungal_infection (19).jpg,fungal_infection
fungal_infection (20).jpg,fungal_infection
fungal_infection (21).jpg,fungal_infection
fungal_infection (22).jpg,fungal_infection
fungal_infection (23).jpg,fungal_infection
fungal_infection (24).jpg,fungal_infection
fungal_infection (25).jpg,fungal_infection
fungal_infection (26).jpg,fungal_infection
fungal_infection (27).jpg,fungal_infection
fungal_infection (28).jpg,fungal_infection
fungal_infection (29).jpg,fungal_infection
fungal_infection (30).jpg,fungal_infection
fungal_infection (31).jpg,fungal_infection
fungal_infection (32).jpg,fungal_infection
fungal_infection (33).jpg,fungal_infection
fungal_infection (34).jpg,fungal_infection
fungal_infection (35).jpg,fungal_infection
fungal_infection (36).jpg,fungal_infection
fungal_infection (37).jpg,fungal_infection
fungal_infection (38).jpg,fungal_infection
fungal_infection (39).jpg,fungal_infection
fungal_infection (40).jpg,fungal_infection
fungal_infection (41).jpg,fungal_infection
fungal_infection (42).jpg,fungal_infection
fungal_infection (43).jpg,fungal_infection
fungal_infection (44).jpg,fungal_infection
fungal_infection (45).jpg,fungal_infection
fungal_infection (46).jpg,fungal_infection
fungal_infection (47).jpg,fungal_infection
fungal_infection (48).jpg,fungal_infection
fungal_infection (49).jpg,fungal_infection
fungal_infection (50).jpg,fungal_infection
fungal_infection (51).jpg,fungal_infection
fungal_infection (52).jpg,fungal_infection
fungal_infection (53).jpg,fungal_infection
fungal_infection (54).jpg,fungal_infection
fungal_infection (55).jpg,fungal_infection
fungal_infection (56).jpg,fungal_infection
fungal_infection (57).jpg,fungal_infection
fungal_infection (58).jpg,fungal_infection
fungal_infection (59).jpg,fungal_infection
fungal_infection (60).jpg,fungal_infection
fungal_infection (61).jpg,fungal_infection
fungal_infection (62).jpg,fungal_infection
fungal_infection (63).jpg,fungal_infection
fungal_infection (64).jpg,fungal_infection
fungal_infection (65).jpg,fungal_infection
fungal_infection (66).jpg,fungal_infection
fungal_infection (67).jpg,fungal_infection
fungal_infection (68).jpg,fungal_infection
fungal_infection (69).jpg,fungal_infection
fungal_infection (70).jpg,fungal_infection
fungal_infection (71).jpg,fungal_infection
fungal_infection (72).jpg,fungal_infection
fungal_infection (73).jpg,fungal_infection
fungal_infection (74).jpg,fungal_infection
fungal_infection (75).jpg,fungal_infection
fungal_infection (76).jpg,fungal_infection
fungal_infection (77).jpg,fungal_infection
fungal_infection (78).jpg,fungal_infection
fungal_infection (79).jpg,fungal_infection
fungal_infection (80).jpg,fungal_infection
fungal_infection (81).jpg,fungal_infection
fungal_infection (82).jpg,fungal_infection
fungal_infection (83).jpg,fungal_infection
fungal_infection (84).jpg,fungal_infection
fungal_infection (85).jpg,fungal_infection
fungal_infection (86).jpg,fungal_infection
fungal_infection (87).jpg,fungal_infection
fungal_infection (88).jpg,fungal_infection
fungal_infection (89).jpg,fungal_infection
fungal_infection (90).jpg,fungal_infection
fungal_infection (91).jpg,fungal_infection
fungal_infection (92).jpg,fungal_infection
fungal_infection (93).jpg,fungal_infection
fungal_infection (94).jpg,fungal_infection
fungal_infection (95).jpg,fungal_infection
fungal_infection (96).jpg,fungal_infection
fungal_infection (97).jpg,fungal_infection
fungal_infection (98).jpg,fungal_infection
fungal_infection (99).jpg,fungal_infection
fungal_infection (100).jpg,fungal_infection
fungal_infection (101).jpg,fungal_infection
fungal_infection (102).jpg,fungal_infection
fungal_infection (103).jpg,fungal_infection
fungal_infection (104).jpg,fungal_infection
fungal_infection (105).jpg,fungal_infection
fungal_infection (106).jpg,fungal_infection
fungal_infection (107).jpg,fungal_infection
fungal_infection (108).jpg,fungal_infection
fungal_infection (109).jpg,fungal_infection
fungal_infection (110).jpg,fungal_infection
fungal_infection (111).jpg,fungal_infection
fungal_infection (112).jpg,fungal_infection
fungal_infection (113).jpg,fungal_infection
fungal_infection (114).jpg,fungal_infection
fungal_infection (115).jpg,fungal_infection
fungal_infection (116).jpg,fungal_infection
fungal_infection (117).jpg,fungal_infection
fungal_infection (118).jpg,fungal_infection
fungal_infection (119).jpg,fungal_infection
fungal_infection (120).jpg,fungal_infection
fungal_infection (121).jpg,fungal_infection
fungal_infection (122).jpg,fungal_infection
fungal_infection (123).jpg,fungal_infection
fungal_infection (124).jpg,fungal_infection
fungal_infection (125).jpg,fungal_infection
fungal_infection (126).jpg,fungal_infection
fungal_infection (127).jpg,fungal_infection
fungal_infection (128).jpg,fungal_infection
fungal_infection (129).jpg,fungal_infection
fungal_infection (130).jpg,fungal_infection
fungal_infection (131).jpg,fungal_infection
fungal_infection (132).jpg,fungal_infection
fungal_infection (133).jpg,fungal_infection
fungal_infection (134).jpg,fungal_infection
fungal_infection (135).jpg,fungal_infection
fungal_infection (136).jpg,fungal_infection
fungal_infection (137).jpg,fungal_infection
fungal_infection (138).jpg,fungal_infection
fungal_infection (139).jpg,fungal_infection
fungal_infection (140).jpg,fungal_infection
fungal_infection (141).jpg,fungal_infection
fungal_infection (142).jpg,fungal_infection
fungal_infection (143).jpg,fungal_infection
fungal_infection (144).jpg,fungal_infection
fungal_infection (145).jpg,fungal_infection
fungal_infection (146).jpg,fungal_infection
fungal_infection (147).jpg,fungal_infection
fungal_infection (148).jpg,fungal_infection
fungal_infection (149).jpg,fungal_infection
fungal_infection (150).jpg,fungal_infection
fungal_infection (151).jpg,fungal_infection
fungal_infection (152).jpg,fungal_infection
fungal_infection (153).jpg,fungal_infection
fungal_infection (154).jpg,fungal_infection
fungal_infection (155).jpg,fungal_infection
fungal_infection (156).jpg,fungal_infection
fungal_infection (157).jpg,fungal_infection
hyperpigmentation (1).jpg,hyperpigmentation
hyperpigmentation (2).jpg,hyperpigmentation
hyperpigmentation (3).jpg,hyperpigmentation
hyperpigmentation (4).jpg,hyperpigmentation
hyperpigmentation (5).jpg,hyperpigmentation
hyperpigmentation (6).jpg,hyperpigmentation
hyperpigmentation (7).jpg,hyperpigmentation
hyperpigmentation (8).jpg,hyperpigmentation
hyperpigmentation (9).jpg,hyperpigmentation
hyperpigmentation (10).jpg,hyperpigmentation
hyperpigmentation (11).jpg,hyperpigmentation
hyperpigmentation (12).jpg,hyperpigmentation
hyperpigmentation (13).jpg,hyperpigmentation
hyperpigmentation (14).jpg,hyperpigmentation
hyperpigmentation (15).jpg,hyperpigmentation
hyperpigmentation (16).jpg,hyperpigmentation
hyperpigmentation (17).jpg,hyperpigmentation
hyperpigmentation (18).jpg,hyperpigmentation
hyperpigmentation (19).jpg,hyperpigmentation
hyperpigmentation (20).jpg,hyperpigmentation
hyperpigmentation (21).jpg,hyperpigmentation
hyperpigmentation (22).jpg,hyperpigmentation
hyperpigmentation (23).jpg,hyperpigmentation
hyperpigmentation (24).jpg,hyperpigmentation
hyperpigmentation (25).jpg,hyperpigmentation
hyperpigmentation (26).jpg,hyperpigmentation
hyperpigmentation (27).jpg,hyperpigmentation
hyperpigmentation (28).jpg,hyperpigmentation
hyperpigmentation (29).jpg,hyperpigmentation
hyperpigmentation (30).jpg,hyperpigmentation
hyperpigmentation (31).jpg,hyperpigmentation
hyperpigmentation (32).jpg,hyperpigmentation
hyperpigmentation (33).jpg,hyperpigmentation
hyperpigmentation (34).jpg,hyperpigmentation
hyperpigmentation (35).jpg,hyperpigmentation
hyperpigmentation (36).jpg,hyperpigmentation
hyperpigmentation (37).jpg,hyperpigmentation
hyperpigmentation (38).jpg,hyperpigmentation
hyperpigmentation (39).jpg,hyperpigmentation
hyperpigmentation (40).jpg,hyperpigmentation
hyperpigmentation (41).jpg,hyperpigmentation
hyperpigmentation (42).jpg,hyperpigmentation
hyperpigmentation (43).jpg,hyperpigmentation
hyperpigmentation (44).jpg,hyperpigmentation
hyperpigmentation (45).jpg,hyperpigmentation
hyperpigmentation (46).jpg,hyperpigmentation
hyperpigmentation (47).jpg,hyperpigmentation
hyperpigmentation (48).jpg,hyperpigmentation
hyperpigmentation (49).jpg,hyperpigmentation
hyperpigmentation (50).jpg,hyperpigmentation
hyperpigmentation (51).jpg,hyperpigmentation
hyperpigmentation (52).jpg,hyperpigmentation
hyperpigmentation (53).jpg,hyperpigmentation
hyperpigmentation (54).jpg,hyperpigmentation
hyperpigmentation (55).jpg,hyperpigmentation
hyperpigmentation (56).jpg,hyperpigmentation
hyperpigmentation (57).jpg,hyperpigmentation
hyperpigmentation (58).jpg,hyperpigmentation
hyperpigmentation (59).jpg,hyperpigmentation
hyperpigmentation (60).jpg,hyperpigmentation
hyperpigmentation (61).jpg,hyperpigmentation
hyperpigmentation (62).jpg,hyperpigmentation
hyperpigmentation (63).jpg,hyperpigmentation
hyperpigmentation (64).jpg,hyperpigmentation
hyperpigmentation (65).jpg,hyperpigmentation
hyperpigmentation (66).jpg,hyperpigmentation
hyperpigmentation (67).jpg,hyperpigmentation
hyperpigmentation (68).jpg,hyperpigmentation
hyperpigmentation (69).jpg,hyperpigmentation
hyperpigmentation (70).jpg,hyperpigmentation
hyperpigmentation (71).jpg,hyperpigmentation
hyperpigmentation (72).jpg,hyperpigmentation
hyperpigmentation (73).jpg,hyperpigmentation
hyperpigmentation (74).jpg,hyperpigmentation
hyperpigmentation (75).jpg,hyperpigmentation
hyperpigmentation (76).jpg,hyperpigmentation
hyperpigmentation (77).jpg,hyperpigmentation
hyperpigmentation (78).jpg,hyperpigmentation
hyperpigmentation (79).jpg,hyperpigmentation
hyperpigmentation (80).jpg,hyperpigmentation
hyperpigmentation (81).jpg,hyperpigmentation
hyperpigmentation (82).jpg,hyperpigmentation
hyperpigmentation (83).jpg,hyperpigmentation
hyperpigmentation (84).jpg,hyperpigmentation
hyperpigmentation (85).jpg,hyperpigmentation
hyperpigmentation (86).jpg,hyperpigmentation
hyperpigmentation (87).jpg,hyperpigmentation
hyperpigmentation (88).jpg,hyperpigmentation
hyperpigmentation (89).jpg,hyperpigmentation
hyperpigmentation (90).jpg,hyperpigmentation
hyperpigmentation (91).jpg,hyperpigmentation
hyperpigmentation (92).jpg,hyperpigmentation
hyperpigmentation (93).jpg,hyperpigmentation
hyperpigmentation (94).jpg,hyperpigmentation
hyperpigmentation (95).jpg,hyperpigmentation
hyperpigmentation (96).jpg,hyperpigmentation
hyperpigmentation (97).jpg,hyperpigmentation
hyperpigmentation (98).jpg,hyperpigmentation
hyperpigmentation (99).jpg,hyperpigmentation
hyperpigmentation (100).jpg,hyperpigmentation
hyperpigmentation (101).jpg,hyperpigmentation
hyperpigmentation (102).jpg,hyperpigmentation
hyperpigmentation (103).jpg,hyperpigmentation
hyperpigmentation (104).jpg,hyperpigmentation
hyperpigmentation (105).jpg,hyperpigmentation
hyperpigmentation (106).jpg,hyperpigmentation
hyperpigmentation (107).jpg,hyperpigmentation
hyperpigmentation (108).jpg,hyperpigmentation
hyperpigmentation (109).jpg,hyperpigmentation
hyperpigmentation (110).jpg,hyperpigmentation
hyperpigmentation (111).jpg,hyperpigmentation
hyperpigmentation (112).jpg,hyperpigmentation
hyperpigmentation (113).jpg,hyperpigmentation
hyperpigmentation (114).jpg,hyperpigmentation
hyperpigmentation (115).jpg,hyperpigmentation
hyperpigmentation (116).jpg,hyperpigmentation
hyperpigmentation (117).jpg,hyperpigmentation
hyperpigmentation (118).jpg,hyperpigmentation
hyperpigmentation (119).jpg,hyperpigmentation
hyperpigmentation (120).jpg,hyperpigmentation
hyperpigmentation (121).jpg,hyperpigmentation
hyperpigmentation (122).jpg,hyperpigmentation
hyperpigmentation (123).jpg,hyperpigmentation
hyperpigmentation (124).jpg,hyperpigmentation
hyperpigmentation (125).jpg,hyperpigmentation
hyperpigmentation (126).jpg,hyperpigmentation
hyperpigmentation (127).jpg,hyperpigmentation
hyperpigmentation (128).jpg,hyperpigmentation
hyperpigmentation (129).jpg,hyperpigmentation
hyperpigmentation (130).jpg,hyperpigmentation
hyperpigmentation (131).jpg,hyperpigmentation
hyperpigmentation (132).jpg,hyperpigmentation
hyperpigmentation (133).jpg,hyperpigmentation
hyperpigmentation (134).jpg,hyperpigmentation
hyperpigmentation (135).jpg,hyperpigmentation
hyperpigmentation (136).jpg,hyperpigmentation
hyperpigmentation (137).jpg,hyperpigmentation
hyperpigmentation (138).jpg,hyperpigmentation
hyperpigmentation (139).jpg,hyperpigmentation
hyperpigmentation (140).jpg,hyperpigmentation
hyperpigmentation (141).jpg,hyperpigmentation
hyperpigmentation (142).jpg,hyperpigmentation
hyperpigmentation (143).jpg,hyperpigmentation
hyperpigmentation (144).jpg,hyperpigmentation
hyperpigmentation (145).jpg,hyperpigmentation
hyperpigmentation (146).jpg,hyperpigmentation
hyperpigmentation (147).jpg,hyperpigmentation
hyperpigmentation (148).jpg,hyperpigmentation
hyperpigmentation (149).jpg,hyperpigmentation
hyperpigmentation (150).jpg,hyperpigmentation
hyperpigmentation (151).jpg,hyperpigmentation
hyperpigmentation (152).jpg,hyperpigmentation
hyperpigmentation (153).jpg,hyperpigmentation
hyperpigmentation (154).jpg,hyperpigmentation
hyperpigmentation (155).jpg,hyperpigmentation
hyperpigmentation (156).jpg,hyperpigmentation
hyperpigmentation (157).jpg,hyperpigmentation
hyperpigmentation (158).jpg,hyperpigmentation
hyperpigmentation (159).jpg,hyperpigmentation
hyperpigmentation (160).jpg,hyperpigmentation
hyperpigmentation (161).jpg,hyperpigmentation
hyperpigmentation (162).jpg,hyperpigmentation
hyperpigmentation (163).jpg,hyperpigmentation
hyperpigmentation (164).jpg,hyperpigmentation
hyperpigmentation (165).jpg,hyperpigmentation
hyperpigmentation (166).jpg,hyperpigmentation
hyperpigmentation (167).jpg,hyperpigmentation
hyperpigmentation (168).jpg,hyperpigmentation
hyperpigmentation (169).jpg,hyperpigmentation
hyperpigmentation (170).jpg,hyperpigmentation
hyperpigmentation (171).jpg,hyperpigmentation
hyperpigmentation (172).jpg,hyperpigmentation
hyperpigmentation (173).jpg,hyperpigmentation
hyperpigmentation (174).jpg,hyperpigmentation
hyperpigmentation (175).jpg,hyperpigmentation
hyperpigmentation (176).jpg,hyperpigmentation
hyperpigmentation (177).jpg,hyperpigmentation
hyperpigmentation (178).jpg,hyperpigmentation
hyperpigmentation (179).jpg,hyperpigmentation
hyperpigmentation (180).jpg,hyperpigmentation
hyperpigmentation (181).jpg,hyperpigmentation
hyperpigmentation (182).jpg,hyperpigmentation
hyperpigmentation (183).jpg,hyperpigmentation
hyperpigmentation (184).jpg,hyperpigmentation
hyperpigmentation (185).jpg,hyperpigmentation
hyperpigmentation (186).jpg,hyperpigmentation
hyperpigmentation (187).jpg,hyperpigmentation
hyperpigmentation (188).jpg,hyperpigmentation
hyperpigmentation (189).jpg,hyperpigmentation
hyperpigmentation (190).jpg,hyperpigmentation
hyperpigmentation (191).jpg,hyperpigmentation
hyperpigmentation (192).jpg,hyperpigmentation
hyperpigmentation (193).jpg,hyperpigmentation
hyperpigmentation (194).jpg,hyperpigmentation
hyperpigmentation (195).jpg,hyperpigmentation
hyperpigmentation (196).jpg,hyperpigmentation
hyperpigmentation (197).jpg,hyperpigmentation
hyperpigmentation (198).jpg,hyperpigmentation
hyperpigmentation (199).jpg,hyperpigmentation
hyperpigmentation (200).jpg,hyperpigmentation
hyperpigmentation (201).jpg,hyperpigmentation
hyperpigmentation (202).jpg,hyperpigmentation
hyperpigmentation (203).jpg,hyperpigmentation
hyperpigmentation (204).jpg,hyperpigmentation
hyperpigmentation (205).jpg,hyperpigmentation
hyperpigmentation (206).jpg,hyperpigmentation
hyperpigmentation (207).jpg,hyperpigmentation
hyperpigmentation (208).jpg,hyperpigmentation
hyperpigmentation (209).jpg,hyperpigmentation
hyperpigmentation (210).jpg,hyperpigmentation
hyperpigmentation (211).jpg,hyperpigmentation
hyperpigmentation (212).jpg,hyperpigmentation
hyperpigmentation (213).jpg,hyperpigmentation
hyperpigmentation (214).jpg,hyperpigmentation
hyperpigmentation (215).jpg,hyperpigmentation
hyperpigmentation (216).jpg,hyperpigmentation
hyperpigmentation (217).jpg,hyperpigmentation
hyperpigmentation (218).jpg,hyperpigmentation
hyperpigmentation (219).jpg,hyperpigmentation
hyperpigmentation (220).jpg,hyperpigmentation
hyperpigmentation (221).jpg,hyperpigmentation
hyperpigmentation (222).jpg,hyperpigmentation
hyperpigmentation (223).jpg,hyperpigmentation
hyperpigmentation (224).jpg,hyperpigmentation
hyperpigmentation (225).jpg,hyperpigmentation
hyperpigmentation (226).jpg,hyperpigmentation
hyperpigmentation (227).jpg,hyperpigmentation
hyperpigmentation (228).jpg,hyperpigmentation
hyperpigmentation (229).jpg,hyperpigmentation
hyperpigmentation (230).jpg,hyperpigmentation
hyperpigmentation (231).jpg,hyperpigmentation
moles (1).jpg,moles
moles (2).jpg,moles
moles (3).jpg,moles
moles (4).jpg,moles
moles (5).jpg,moles
moles (6).jpg,moles
moles (7).jpg,moles
moles (8).jpg,moles
moles (9).jpg,moles
moles (10).jpg,moles
moles (11).jpg,moles
moles (12).jpg,moles
moles (13).jpg,moles
moles (14).jpg,moles
moles (15).jpg,moles
moles (16).jpg,moles
moles (17).jpg,moles
moles (18).jpg,moles
moles (19).jpg,moles
moles (20).jpg,moles
moles (21).jpg,moles
moles (22).jpg,moles
moles (23).jpg,moles
moles (24).jpg,moles
moles (25).jpg,moles
moles (26).jpg,moles
moles (27).jpg,moles
moles (28).jpg,moles
moles (29).jpg,moles
moles (30).jpg,moles
moles (31).jpg,moles
moles (32).jpg,moles
moles (33).jpg,moles
moles (34).jpg,moles
moles (35).jpg,moles
moles (36).jpg,moles
moles (37).jpg,moles
moles (38).jpg,moles
moles (39).jpg,moles
moles (40).jpg,moles
moles (41).jpg,moles
moles (42).jpg,moles
moles (43).jpg,moles
moles (44).jpg,moles
moles (45).jpg,moles
moles (46).jpg,moles
moles (47).jpg,moles
moles (48).jpg,moles
moles (49).jpg,moles
moles (50).jpg,moles
moles (51).jpg,moles
moles (52).jpg,moles
moles (53).jpg,moles
moles (54).jpg,moles
moles (55).jpg,moles
moles (56).jpg,moles
moles (57).jpg,moles
moles (58).jpg,moles
moles (59).jpg,moles
moles (60).jpg,moles
moles (61).jpg,moles
moles (62).jpg,moles
moles (63).jpg,moles
moles (64).jpg,moles
moles (65).jpg,moles
moles (66).jpg,moles
moles (67).jpg,moles
moles (68).jpg,moles
moles (69).jpg,moles
moles (70).jpg,moles
moles (71).jpg,moles
moles (72).jpg,moles
moles (73).jpg,moles
moles (74).jpg,moles
moles (75).jpg,moles
moles (76).jpg,moles
moles (77).jpg,moles
moles (78).jpg,moles
moles (79).jpg,moles
moles (80).jpg,moles
moles (81).jpg,moles
moles (82).jpg,moles
moles (83).jpg,moles
moles (84).jpg,moles
moles (85).jpg,moles
moles (86).jpg,moles
moles (87).jpg,moles
moles (88).jpg,moles
moles (89).jpg,moles
moles (90).jpg,moles
moles (91).jpg,moles
moles (92).jpg,moles
moles (93).jpg,moles
moles (94).jpg,moles
moles (95).jpg,moles
moles (96).jpg,moles
moles (97).jpg,moles
moles (98).jpg,moles
moles (99).jpg,moles
moles (100).jpg,moles
moles (101).jpg,moles
moles (102).jpg,moles
moles (103).jpg,moles
moles (104).jpg,moles
moles (105).jpg,moles
moles (106).jpg,moles
moles (107).jpg,moles
moles (108).jpg,moles
moles (109).jpg,moles
moles (110).jpg,moles
moles (111).jpg,moles
moles (112).jpg,moles
moles (113).jpg,moles
moles (114).jpg,moles
moles (115).jpg,moles
moles (116).jpg,moles
moles (117).jpg,moles
moles (118).jpg,moles
moles (119).jpg,moles
moles (120).jpg,moles
moles (121).jpg,moles
moles (122).jpg,moles
moles (123).jpg,moles
moles (124).jpg,moles
moles (125).jpg,moles
moles (126).jpg,moles
moles (127).jpg,moles
moles (128).jpg,moles
moles (129).jpg,moles
moles (130).jpg,moles
moles (131).jpg,moles
moles (132).jpg,moles
moles (133).jpg,moles
moles (134).jpg,moles
moles (135).jpg,moles
moles (136).jpg,moles
moles (137).jpg,moles
moles (138).jpg,moles
moles (139).jpg,moles
moles (140).jpg,moles
moles (141).jpg,moles
moles (142).jpg,moles
moles (143).jpg,moles
moles (144).jpg,moles
moles (145).jpg,moles
moles (146).jpg,moles
moles (147).jpg,moles
moles (148).jpg,moles
moles (149).jpg,moles
moles (150).jpg,moles
moles (151).jpg,moles
moles (152).jpg,moles
moles (153).jpg,moles
moles (154).jpg,moles
moles (155).jpg,moles
moles (156).jpg,moles
moles (157).jpg,moles
moles (158).jpg,moles
moles (159).jpg,moles
moles (160).jpg,moles
moles (161).jpg,moles
moles (162).jpg,moles
moles (163).jpg,moles
moles (164).jpg,moles
moles (165).jpg,moles
moles (166).jpg,moles
moles (167).jpg,moles
moles (168).jpg,moles
moles (169).jpg,moles
moles (170).jpg,moles
moles (171).jpg,moles
moles (172).jpg,moles
moles (173).jpg,moles
moles (174).jpg,moles
moles (175).jpg,moles
moles (176).jpg,moles
moles (177).jpg,moles
moles (178).jpg,moles
moles (179).jpg,moles
moles (180).jpg,moles
moles (181).jpg,moles
moles (182).jpg,moles
moles (183).jpg,moles
moles (184).jpg,moles
moles (185).jpg,moles
moles (186).jpg,moles
moles (187).jpg,moles
moles (188).jpg,moles
moles (189).jpg,moles
moles (190).jpg,moles
moles (191).jpg,moles
moles (192).jpg,moles
moles (193).jpg,moles
moles (194).jpg,moles
moles (195).jpg,moles
moles (196).jpg,moles
moles (197).jpg,moles
moles (198).jpg,moles
moles (199).jpg,moles
moles (200).jpg,moles
moles (201).jpg,moles
moles (202).jpg,moles
moles (203).jpg,moles
moles (204).jpg,moles
moles (205).jpg,moles
moles (206).jpg,moles
moles (207).jpg,moles
moles (208).jpg,moles
moles (209).jpg,moles
moles (210).jpg,moles
moles (211).jpg,moles
moles (212).jpg,moles
moles (213).jpg,moles
moles (214).jpg,moles
moles (215).jpg,moles
moles (216).jpg,moles
moles (217).jpg,moles
moles (218).jpg,moles
moles (219).jpg,moles
moles (220).jpg,moles
moles (221).jpg,moles
moles (222).jpg,moles
moles (223).jpg,moles
moles (224).jpg,moles
moles (225).jpg,moles
moles (226).jpg,moles
moles (227).jpg,moles
moles (228).jpg,moles
moles (229).jpg,moles
moles (230).jpg,moles
moles (231).jpg,moles
moles (232).jpg,moles
moles (233).jpg,moles
moles (234).jpg,moles
moles (235).jpg,moles
moles (236).jpg,moles
moles (237).jpg,moles
moles (238).jpg,moles
moles (239).jpg,moles
moles (240).jpg,moles
moles (241).jpg,moles
moles (242).jpg,moles
moles (243).jpg,moles
moles (244).jpg,moles
moles (245).jpg,moles
moles (246).jpg,moles
moles (247).jpg,moles
moles (248).jpg,moles
moles (249).jpg,moles
moles (250).jpg,moles
moles (251).jpg,moles
moles (252).jpg,moles
moles (253).jpg,moles
moles (254).jpg,moles
moles (255).jpg,moles
moles (256).jpg,moles
moles (257).jpg,moles
moles (258).jpg,moles
moles (259).jpg,moles
moles (260).jpg,moles
moles (261).jpg,moles
moles (262).jpg,moles
moles (263).jpg,moles
moles (264).jpg,moles
moles (265).jpg,moles
moles (266).jpg,moles
moles (267).jpg,moles
moles (268).jpg,moles
moles (269).jpg,moles
moles (270).jpg,moles
moles (271).jpg,moles
moles (272).jpg,moles
moles (273).jpg,moles
moles (274).jpg,moles
moles (275).jpg,moles
moles (276).jpg,moles
moles (277).jpg,moles
moles (278).jpg,moles
moles (279).jpg,moles
moles (280).jpg,moles
moles (281).jpg,moles
moles (282).jpg,moles
pemphigus_vulgaris (1).jpg,pemphigus_vulgaris
pemphigus_vulgaris (2).jpg,pemphigus_vulgaris
pemphigus_vulgaris (3).jpg,pemphigus_vulgaris
pemphigus_vulgaris (4).jpg,pemphigus_vulgaris
pemphigus_vulgaris (5).jpg,pemphigus_vulgaris
pemphigus_vulgaris (6).jpg,pemphigus_vulgaris
pemphigus_vulgaris (7).jpg,pemphigus_vulgaris
pemphigus_vulgaris (8).jpg,pemphigus_vulgaris
pemphigus_vulgaris (9).jpg,pemphigus_vulgaris
pemphigus_vulgaris (10).jpg,pemphigus_vulgaris
pemphigus_vulgaris (11).jpg,pemphigus_vulgaris
pemphigus_vulgaris (12).jpg,pemphigus_vulgaris
pemphigus_vulgaris (13).jpg,pemphigus_vulgaris
pemphigus_vulgaris (14).jpg,pemphigus_vulgaris
pemphigus_vulgaris (15).jpg,pemphigus_vulgaris
pemphigus_vulgaris (16).jpg,pemphigus_vulgaris
pemphigus_vulgaris (17).jpg,pemphigus_vulgaris
pemphigus_vulgaris (18).jpg,pemphigus_vulgaris
pemphigus_vulgaris (19).jpg,pemphigus_vulgaris
pemphigus_vulgaris (20).jpg,pemphigus_vulgaris
pemphigus_vulgaris (21).jpg,pemphigus_vulgaris
pemphigus_vulgaris (22).jpg,pemphigus_vulgaris
pemphigus_vulgaris (23).jpg,pemphigus_vulgaris
pemphigus_vulgaris (24).jpg,pemphigus_vulgaris
pemphigus_vulgaris (25).jpg,pemphigus_vulgaris
pemphigus_vulgaris (26).jpg,pemphigus_vulgaris
pemphigus_vulgaris (27).jpg,pemphigus_vulgaris
pemphigus_vulgaris (28).jpg,pemphigus_vulgaris
pemphigus_vulgaris (29).jpg,pemphigus_vulgaris
pemphigus_vulgaris (30).jpg,pemphigus_vulgaris
pemphigus_vulgaris (31).jpg,pemphigus_vulgaris
pemphigus_vulgaris (32).jpg,pemphigus_vulgaris
pemphigus_vulgaris (33).jpg,pemphigus_vulgaris
pemphigus_vulgaris (34).jpg,pemphigus_vulgaris
pemphigus_vulgaris (35).jpg,pemphigus_vulgaris
pemphigus_vulgaris (36).jpg,pemphigus_vulgaris
pemphigus_vulgaris (37).jpg,pemphigus_vulgaris
pemphigus_vulgaris (38).jpg,pemphigus_vulgaris
pemphigus_vulgaris (39).jpg,pemphigus_vulgaris
pemphigus_vulgaris (40).jpg,pemphigus_vulgaris
pemphigus_vulgaris (41).jpg,pemphigus_vulgaris
pemphigus_vulgaris (42).jpg,pemphigus_vulgaris
pemphigus_vulgaris (43).jpg,pemphigus_vulgaris
pemphigus_vulgaris (44).jpg,pemphigus_vulgaris
pemphigus_vulgaris (45).jpg,pemphigus_vulgaris
pemphigus_vulgaris (46).jpg,pemphigus_vulgaris
pemphigus_vulgaris (47).jpg,pemphigus_vulgaris
pemphigus_vulgaris (48).jpg,pemphigus_vulgaris
pemphigus_vulgaris (49).jpg,pemphigus_vulgaris
pemphigus_vulgaris (50).jpg,pemphigus_vulgaris
pemphigus_vulgaris (51).jpg,pemphigus_vulgaris
pemphigus_vulgaris (52).jpg,pemphigus_vulgaris
pemphigus_vulgaris (53).jpg,pemphigus_vulgaris
pemphigus_vulgaris (54).jpg,pemphigus_vulgaris
pemphigus_vulgaris (55).jpg,pemphigus_vulgaris
pemphigus_vulgaris (56).jpg,pemphigus_vulgaris
pemphigus_vulgaris (57).jpg,pemphigus_vulgaris
pemphigus_vulgaris (58).jpg,pemphigus_vulgaris
pemphigus_vulgaris (59).jpg,pemphigus_vulgaris
pemphigus_vulgaris (60).jpg,pemphigus_vulgaris
pemphigus_vulgaris (61).jpg,pemphigus_vulgaris
pemphigus_vulgaris (62).jpg,pemphigus_vulgaris
pemphigus_vulgaris (63).jpg,pemphigus_vulgaris
pemphigus_vulgaris (64).jpg,pemphigus_vulgaris
pemphigus_vulgaris (65).jpg,pemphigus_vulgaris
pemphigus_vulgaris (66).jpg,pemphigus_vulgaris
pemphigus_vulgaris (67).jpg,pemphigus_vulgaris
pemphigus_vulgaris (68).jpg,pemphigus_vulgaris
pemphigus_vulgaris (69).jpg,pemphigus_vulgaris
pemphigus_vulgaris (70).jpg,pemphigus_vulgaris
pemphigus_vulgaris (71).jpg,pemphigus_vulgaris
pemphigus_vulgaris (72).jpg,pemphigus_vulgaris
pemphigus_vulgaris (73).jpg,pemphigus_vulgaris
pemphigus_vulgaris (74).jpg,pemphigus_vulgaris
pemphigus_vulgaris (75).jpg,pemphigus_vulgaris
pemphigus_vulgaris (76).jpg,pemphigus_vulgaris
pemphigus_vulgaris (77).jpg,pemphigus_vulgaris
pemphigus_vulgaris (78).jpg,pemphigus_vulgaris
pemphigus_vulgaris (79).jpg,pemphigus_vulgaris
pemphigus_vulgaris (80).jpg,pemphigus_vulgaris
pemphigus_vulgaris (81).jpg,pemphigus_vulgaris
pemphigus_vulgaris (82).jpg,pemphigus_vulgaris
pemphigus_vulgaris (83).jpg,pemphigus_vulgaris
pemphigus_vulgaris (84).jpg,pemphigus_vulgaris
pemphigus_vulgaris (85).jpg,pemphigus_vulgaris
pemphigus_vulgaris (86).jpg,pemphigus_vulgaris
pemphigus_vulgaris (87).jpg,pemphigus_vulgaris
pemphigus_vulgaris (88).jpg,pemphigus_vulgaris
pemphigus_vulgaris (89).jpg,pemphigus_vulgaris
pemphigus_vulgaris (90).jpg,pemphigus_vulgaris
pemphigus_vulgaris (91).jpg,pemphigus_vulgaris
pemphigus_vulgaris (92).jpg,pemphigus_vulgaris
pemphigus_vulgaris (93).jpg,pemphigus_vulgaris
pemphigus_vulgaris (94).jpg,pemphigus_vulgaris
pemphigus_vulgaris (95).jpg,pemphigus_vulgaris
pemphigus_vulgaris (96).jpg,pemphigus_vulgaris
pemphigus_vulgaris (97).jpg,pemphigus_vulgaris
pemphigus_vulgaris (98).jpg,pemphigus_vulgaris
pemphigus_vulgaris (99).jpg,pemphigus_vulgaris
pemphigus_vulgaris (100).jpg,pemphigus_vulgaris
pemphigus_vulgaris (101).jpg,pemphigus_vulgaris
pemphigus_vulgaris (102).jpg,pemphigus_vulgaris
pemphigus_vulgaris (103).jpg,pemphigus_vulgaris
pemphigus_vulgaris (104).jpg,pemphigus_vulgaris
pemphigus_vulgaris (105).jpg,pemphigus_vulgaris
pemphigus_vulgaris (106).jpg,pemphigus_vulgaris
pemphigus_vulgaris (107).jpg,pemphigus_vulgaris
pemphigus_vulgaris (108).jpg,pemphigus_vulgaris
pemphigus_vulgaris (109).jpg,pemphigus_vulgaris
pemphigus_vulgaris (110).jpg,pemphigus_vulgaris
pemphigus_vulgaris (111).jpg,pemphigus_vulgaris
pemphigus_vulgaris (112).jpg,pemphigus_vulgaris
pemphigus_vulgaris (113).jpg,pemphigus_vulgaris
pemphigus_vulgaris (114).jpg,pemphigus_vulgaris
pemphigus_vulgaris (115).jpg,pemphigus_vulgaris
pemphigus_vulgaris (116).jpg,pemphigus_vulgaris
pemphigus_vulgaris (117).jpg,pemphigus_vulgaris
pemphigus_vulgaris (118).jpg,pemphigus_vulgaris
pemphigus_vulgaris (119).jpg,pemphigus_vulgaris
pemphigus_vulgaris (120).jpg,pemphigus_vulgaris
pemphigus_vulgaris (121).jpg,pemphigus_vulgaris
pemphigus_vulgaris (122).jpg,pemphigus_vulgaris
pemphigus_vulgaris (123).jpg,pemphigus_vulgaris
pemphigus_vulgaris (124).jpg,pemphigus_vulgaris
pemphigus_vulgaris (125).jpg,pemphigus_vulgaris
pemphigus_vulgaris (126).jpg,pemphigus_vulgaris
pemphigus_vulgaris (127).jpg,pemphigus_vulgaris
pemphigus_vulgaris (128).jpg,pemphigus_vulgaris
pemphigus_vulgaris (129).jpg,pemphigus_vulgaris
pemphigus_vulgaris (130).jpg,pemphigus_vulgaris
pemphigus_vulgaris (131).jpg,pemphigus_vulgaris
pemphigus_vulgaris (132).jpg,pemphigus_vulgaris
pemphigus_vulgaris (133).jpg,pemphigus_vulgaris
pemphigus_vulgaris (134).jpg,pemphigus_vulgaris
pemphigus_vulgaris (135).jpg,pemphigus_vulgaris
pemphigus_vulgaris (136).jpg,pemphigus_vulgaris
pemphigus_vulgaris (137).jpg,pemphigus_vulgaris
pemphigus_vulgaris (138).jpg,pemphigus_vulgaris
pemphigus_vulgaris (139).jpg,pemphigus_vulgaris
pemphigus_vulgaris (140).jpg,pemphigus_vulgaris
pemphigus_vulgaris (141).jpg,pemphigus_vulgaris
pemphigus_vulgaris (142).jpg,pemphigus_vulgaris
pemphigus_vulgaris (143).jpg,pemphigus_vulgaris
pemphigus_vulgaris (144).jpg,pemphigus_vulgaris
pemphigus_vulgaris (145).jpg,pemphigus_vulgaris
pemphigus_vulgaris (146).jpg,pemphigus_vulgaris
pemphigus_vulgaris (147).jpg,pemphigus_vulgaris
pemphigus_vulgaris (148).jpg,pemphigus_vulgaris
pemphigus_vulgaris (149).jpg,pemphigus_vulgaris
pemphigus_vulgaris (150).jpg,pemphigus_vulgaris
pemphigus_vulgaris (151).jpg,pemphigus_vulgaris
pemphigus_vulgaris (152).jpg,pemphigus_vulgaris
pemphigus_vulgaris (153).jpg,pemphigus_vulgaris
pemphigus_vulgaris (154).jpg,pemphigus_vulgaris
pemphigus_vulgaris (155).jpg,pemphigus_vulgaris
pemphigus_vulgaris (156).jpg,pemphigus_vulgaris
pemphigus_vulgaris (157).jpg,pemphigus_vulgaris
pemphigus_vulgaris (158).jpg,pemphigus_vulgaris
pemphigus_vulgaris (159).jpg,pemphigus_vulgaris
pemphigus_vulgaris (160).jpg,pemphigus_vulgaris
pemphigus_vulgaris (161).jpg,pemphigus_vulgaris
pemphigus_vulgaris (162).jpg,pemphigus_vulgaris
pemphigus_vulgaris (163).jpg,pemphigus_vulgaris
pemphigus_vulgaris (164).jpg,pemphigus_vulgaris
pemphigus_vulgaris (165).jpg,pemphigus_vulgaris
pemphigus_vulgaris (166).jpg,pemphigus_vulgaris
pemphigus_vulgaris (167).jpg,pemphigus_vulgaris
pemphigus_vulgaris (168).jpg,pemphigus_vulgaris
pemphigus_vulgaris (169).jpg,pemphigus_vulgaris
scabies (1).jpg,scabies
scabies (2).jpg,scabies
scabies (3).jpg,scabies
scabies (4).jpg,scabies
scabies (5).jpg,scabies
scabies (6).jpg,scabies
scabies (7).jpg,scabies
scabies (8).jpg,scabies
scabies (9).jpg,scabies
scabies (10).jpg,scabies
scabies (11).jpg,scabies
scabies (12).jpg,scabies
scabies (13).jpg,scabies
scabies (14).jpg,scabies
scabies (15).jpg,scabies
scabies (16).jpg,scabies
scabies (17).jpg,scabies
scabies (18).jpg,scabies
scabies (19).jpg,scabies
scabies (20).jpg,scabies
scabies (21).jpg,scabies
scabies (22).jpg,scabies
scabies (23).jpg,scabies
scabies (24).jpg,scabies
scabies (25).jpg,scabies
scabies (26).jpg,scabies
scabies (27).jpg,scabies
scabies (28).jpg,scabies
scabies (29).jpg,scabies
scabies (30).jpg,scabies
scabies (31).jpg,scabies
scabies (32).jpg,scabies
scabies (33).jpg,scabies
scabies (34).jpg,scabies
scabies (35).jpg,scabies
scabies (36).jpg,scabies
scabies (37).jpg,scabies
scabies (38).jpg,scabies
scabies (39).jpg,scabies
scabies (40).jpg,scabies
scabies (41).jpg,scabies
scabies (42).jpg,scabies
scabies (43).jpg,scabies
scabies (44).jpg,scabies
scabies (45).jpg,scabies
scabies (46).jpg,scabies
scabies (47).jpg,scabies
scabies (48).jpg,scabies
scabies (49).jpg,scabies
scabies (50).jpg,scabies
scabies (51).jpg,scabies
scabies (52).jpg,scabies
scabies (53).jpg,scabies
scabies (54).jpg,scabies
scabies (55).jpg,scabies
scabies (56).jpg,scabies
scabies (57).jpg,scabies
scabies (58).jpg,scabies
scabies (59).jpg,scabies
scabies (60).jpg,scabies
scabies (61).jpg,scabies
scabies (62).jpg,scabies
scabies (63).jpg,scabies
scabies (64).jpg,scabies
scabies (65).jpg,scabies
scabies (66).jpg,scabies
scabies (67).jpg,scabies
scabies (68).jpg,scabies
scabies (69).jpg,scabies
scabies (70).jpg,scabies
scabies (71).jpg,scabies
scabies (72).jpg,scabies
scabies (73).jpg,scabies
scabies (74).jpg,scabies
scabies (75).jpg,scabies
scabies (76).jpg,scabies
scabies (77).jpg,scabies
scabies (78).jpg,scabies
scabies (79).jpg,scabies
scabies (80).jpg,scabies
scabies (81).jpg,scabies
scabies (82).jpg,scabies
scabies (83).jpg,scabies
scabies (84).jpg,scabies
scabies (85).jpg,scabies
scabies (86).jpg,scabies
scabies (87).jpg,scabies
scabies (88).jpg,scabies
scabies (89).jpg,scabies
scabies (90).jpg,scabies
scabies (91).jpg,scabies
scabies (92).jpg,scabies
scabies (93).jpg,scabies
scabies (94).jpg,scabies
scabies (95).jpg,scabies
scabies (96).jpg,scabies
scabies (97).jpg,scabies
scabies (98).jpg,scabies
scabies (99).jpg,scabies
scabies (100).jpg,scabies
scabies (101).jpg,scabies
scabies (102).jpg,scabies
scabies (103).jpg,scabies
scabies (104).jpg,scabies
scabies (105).jpg,scabies
scabies (106).jpg,scabies
scabies (107).jpg,scabies
scabies (108).jpg,scabies
scabies (109).jpg,scabies
scabies (110).jpg,scabies
scabies (111).jpg,scabies
scabies (112).jpg,scabies
scabies (113).jpg,scabies
scabies (114).jpg,scabies
scabies (115).jpg,scabies
scabies (116).jpg,scabies
virus (1).jpg,virus
virus (2).jpg,virus
virus (3).jpg,virus
virus (4).jpg,virus
virus (5).jpg,virus
virus (6).jpg,virus
virus (7).jpg,virus
virus (8).jpg,virus
virus (9).jpg,virus
virus (10).jpg,virus
virus (11).jpg,virus
virus (12).jpg,virus
virus (13).jpg,virus
virus (14).jpg,virus
virus (15).jpg,virus
virus (16).jpg,virus
virus (17).jpg,virus
virus (18).jpg,virus
virus (19).jpg,virus
virus (20).jpg,virus
virus (21).jpg,virus
virus (22).jpg,virus
virus (23).jpg,virus
virus (24).jpg,virus
virus (25).jpg,virus
virus (26).jpg,virus
virus (27).jpg,virus
virus (28).jpg,virus
virus (29).jpg,virus
virus (30).jpg,virus
virus (31).jpg,virus
virus (32).jpg,virus
virus (33).jpg,virus
virus (34).jpg,virus
virus (35).jpg,virus
virus (36).jpg,virus
virus (37).jpg,virus
virus (38).jpg,virus
virus (39).jpg,virus
virus (40).jpg,virus
virus (41).jpg,virus
virus (42).jpg,virus
virus (43).jpg,virus
virus (44).jpg,virus
virus (45).jpg,virus
virus (46).jpg,virus
virus (47).jpg,virus
virus (48).jpg,virus
virus (49).jpg,virus
virus (50).jpg,virus
virus (51).jpg,virus
virus (52).jpg,virus
virus (53).jpg,virus
virus (54).jpg,virus
virus (55).jpg,virus
virus (56).jpg,virus
virus (57).jpg,virus
virus (58).jpg,virus
virus (59).jpg,virus
virus (60).jpg,virus
virus (61).jpg,virus
virus (62).jpg,virus
virus (63).jpg,virus
virus (64).jpg,virus
virus (65).jpg,virus
virus (66).jpg,virus
virus (67).jpg,virus
virus (68).jpg,virus
virus (69).jpg,virus
virus (70).jpg,virus
virus (71).jpg,virus
virus (72).jpg,virus
virus (73).jpg,virus
virus (74).jpg,virus
virus (75).jpg,virus
virus (76).jpg,virus
virus (77).jpg,virus
virus (78).jpg,virus
virus (79).jpg,virus
virus (80).jpg,virus
virus (81).jpg,virus
virus (82).jpg,virus
virus (83).jpg,virus
virus (84).jpg,virus
virus (85).jpg,virus
virus (86).jpg,virus
virus (87).jpg,virus
virus (88).jpg,virus
virus (89).jpg,virus
virus (90).jpg,virus
virus (91).jpg,virus
virus (92).jpg,virus
virus (93).jpg,virus
virus (94).jpg,virus
virus (95).jpg,virus
virus (96).jpg,virus
virus (97).jpg,virus
virus (98).jpg,virus
virus (99).jpg,virus
virus (100).jpg,virus
virus (101).jpg,virus
virus (102).jpg,virus
virus (103).jpg,virus
virus (104).jpg,virus
virus (105).jpg,virus
virus (106).jpg,virus
virus (107).jpg,virus
virus (108).jpg,virus
virus (109).jpg,virus
virus (110).jpg,virus
virus (111).jpg,virus
virus (112).jpg,virus
virus (113).jpg,virus
virus (114).jpg,virus
virus (115).jpg,virus
virus (116).jpg,virus
virus (117).jpg,virus
virus (118).jpg,virus
virus (119).jpg,virus
virus (120).jpg,virus
virus (121).jpg,virus
virus (122).jpg,virus
virus (123).jpg,virus
virus (124).jpg,virus
virus (125).jpg,virus
virus (126).jpg,virus
virus (127).jpg,virus
virus (128).jpg,virus
virus (129).jpg,virus
virus (130).jpg,virus
virus (131).jpg,virus
virus (132).jpg,virus
virus (133).jpg,virus
virus (134).jpg,virus
virus (135).jpg,virus
virus (136).jpg,virus
virus (137).jpg,virus
virus (138).jpg,virus
virus (139).jpg,virus
virus (140).jpg,virus
virus (141).jpg,virus
virus (142).jpg,virus
virus (143).jpg,virus
virus (144).jpg,virus
virus (145).jpg,virus
virus (146).jpg,virus
virus (147).jpg,virus
virus (148).jpg,virus
virus (149).jpg,virus
virus (150).jpg,virus
virus (151).jpg,virus
virus (152).jpg,virus
virus (153).jpg,virus
virus (154).jpg,virus
virus (155).jpg,virus
virus (156).jpg,virus
virus (157).jpg,virus
virus (158).jpg,virus
virus (159).jpg,virus
virus (160).jpg,virus
virus (161).jpg,virus
virus (162).jpg,virus
virus (163).jpg,virus
virus (164).jpg,virus
virus (165).jpg,virus
virus (166).jpg,virus
virus (167).jpg,virus
virus (168).jpg,virus
virus (169).jpg,virus
virus (170).jpg,virus
virus (171).jpg,virus
virus (172).jpg,virus
virus (173).jpg,virus
virus (174).jpg,virus
virus (175).jpg,virus
virus (176).jpg,virus
virus (177).jpg,virus
virus (178).jpg,virus
virus (179).jpg,virus
virus (180).jpg,virus
virus (181).jpg,virus
virus (182).jpg,virus
virus (183).jpg,virus
virus (184).jpg,virus
virus (185).jpg,virus
virus (186).jpg,virus
virus (187).jpg,virus
virus (188).jpg,virus
virus (189).jpg,virus
virus (190).jpg,virus
virus (191).jpg,virus
virus (192).jpg,virus
virus (193).jpg,virus
virus (194).jpg,virus
virus (195).jpg,virus
virus (196).jpg,virus
virus (197).jpg,virus
virus (198).jpg,virus
virus (199).jpg,virus
virus (200).jpg,virus
virus (201).jpg,virus
virus (202).jpg,virus
virus (203).jpg,virus
virus (204).jpg,virus
virus (205).jpg,virus
virus (206).jpg,virus
virus (207).jpg,virus
virus (208).jpg,virus
virus (209).jpg,virus
virus (210).jpg,virus
virus (211).jpg,virus
virus (212).jpg,virus
virus (213).jpg,virus
virus (214).jpg,virus
virus (215).jpg,virus
virus (216).jpg,virus
virus (217).jpg,virus
virus (218).jpg,virus
virus (219).jpg,virus
virus (220).jpg,virus
virus (221).jpg,virus
virus (222).jpg,virus
virus (223).jpg,virus
virus (224).jpg,virus
virus (225).jpg,virus
virus (226).jpg,virus
virus (227).jpg,virus
virus (228).jpg,virus
virus (229).jpg,virus
virus (230).jpg,virus
virus (231).jpg,virus
virus (232).jpg,virus
virus (233).jpg,virus
virus (234).jpg,virus
virus (235).jpg,virus
virus (236).jpg,virus
virus (237).jpg,virus
virus (238).jpg,virus
virus (239).jpg,virus
virus (240).jpg,virus
virus (241).jpg,virus
virus (242).jpg,virus
virus (243).jpg,virus
virus (244).jpg,virus
virus (245).jpg,virus
virus (246).jpg,virus
virus (247).jpg,virus
virus (248).jpg,virus
virus (249).jpg,virus
virus (250).jpg,virus
virus (251).jpg,virus
virus (252).jpg,virus
virus (253).jpg,virus
virus (254).jpg,virus
virus (255).jpg,virus
virus (256).jpg,virus
virus (257).jpg,virus
virus (258).jpg,virus
virus (259).jpg,virus
virus (260).jpg,virus
virus (261).jpg,virus
virus (262).jpg,virus
virus (263).jpg,virus
virus (264).jpg,virus
virus (265).jpg,virus
virus (266).jpg,virus
virus (267).jpg,virus
virus (268).jpg,virus
virus (269).jpg,virus
virus (270).jpg,virus
virus (271).jpg,virus
virus (272).jpg,virus
virus (273).jpg,virus
virus (274).jpg,virus
virus (275).jpg,virus
virus (276).jpg,virus
virus (277).jpg,virus
virus (278).jpg,virus
virus (279).jpg,virus
virus (280).jpg,virus
virus (281).jpg,virus
virus (282).jpg,virus
virus (283).jpg,virus
virus (284).jpg,virus
virus (285).jpg,virus
virus (286).jpg,virus
virus (287).jpg,virus
virus (288).jpg,virus
virus (289).jpg,virus
virus (290).jpg,virus
virus (291).jpg,virus
virus (292).jpg,virus
virus (293).jpg,virus
virus (294).jpg,virus
virus (295).jpg,virus
virus (296).jpg,virus
virus (297).jpg,virus
hypertrophy (1).jpg,hypertrophy
hypertrophy (2).jpg,hypertrophy
hypertrophy (3).jpg,hypertrophy
hypertrophy (4).jpg,hypertrophy
hypertrophy (5).jpg,hypertrophy
hypertrophy (6).jpg,hypertrophy
hypertrophy (7).jpg,hypertrophy
hypertrophy (8).jpg,hypertrophy
hypertrophy (9).jpg,hypertrophy
hypertrophy (10).jpg,hypertrophy
hypertrophy (11).jpg,hypertrophy
hypertrophy (12).jpg,hypertrophy
hypertrophy (13).jpg,hypertrophy
hypertrophy (14).jpg,hypertrophy
hypertrophy (15).jpg,hypertrophy
hypertrophy (16).jpg,hypertrophy
hypertrophy (17).jpg,hypertrophy
hypertrophy (18).jpg,hypertrophy
hypertrophy (19).jpg,hypertrophy
hypertrophy (20).jpg,hypertrophy
hypertrophy (21).jpg,hypertrophy
hypertrophy (22).jpg,hypertrophy
hypertrophy (23).jpg,hypertrophy
hypertrophy (24).jpg,hypertrophy
hypertrophy (25).jpg,hypertrophy
hypertrophy (26).jpg,hypertrophy
hypertrophy (27).jpg,hypertrophy
hypertrophy (28).jpg,hypertrophy
hypertrophy (29).jpg,hypertrophy
hypertrophy (30).jpg,hypertrophy
hypertrophy (31).jpg,hypertrophy
hypertrophy (32).jpg,hypertrophy
hypertrophy (33).jpg,hypertrophy
hypertrophy (34).jpg,hypertrophy
hypertrophy (35).jpg,hypertrophy
hypertrophy (36).jpg,hypertrophy
hypertrophy (37).jpg,hypertrophy
hypertrophy (38).jpg,hypertrophy
hypertrophy (39).jpg,hypertrophy
hypertrophy (40).jpg,hypertrophy
hypertrophy (41).jpg,hypertrophy
hypertrophy (42).jpg,hypertrophy
hypertrophy (43).jpg,hypertrophy
hypertrophy (44).jpg,hypertrophy
hypertrophy (45).jpg,hypertrophy
hypertrophy (46).jpg,hypertrophy
hypertrophy (47).jpg,hypertrophy
hypertrophy (48).jpg,hypertrophy
hypertrophy (49).jpg,hypertrophy
hypertrophy (50).jpg,hypertrophy
hypertrophy (51).jpg,hypertrophy
hypertrophy (52).jpg,hypertrophy
hypertrophy (53).jpg,hypertrophy
hypertrophy (54).jpg,hypertrophy
hypertrophy (55).jpg,hypertrophy
hypertrophy (56).jpg,hypertrophy
hypertrophy (57).jpg,hypertrophy
hypertrophy (58).jpg,hypertrophy
hypertrophy (59).jpg,hypertrophy
hypertrophy (60).jpg,hypertrophy
hypertrophy (61).jpg,hypertrophy
hypertrophy (62).jpg,hypertrophy
hypertrophy (63).jpg,hypertrophy
hypertrophy (64).jpg,hypertrophy
hypertrophy (65).jpg,hypertrophy
hypertrophy (66).jpg,hypertrophy
hypertrophy (67).jpg,hypertrophy
hypertrophy (68).jpg,hypertrophy
hypertrophy (69).jpg,hypertrophy
hypertrophy (70).jpg,hypertrophy
hypertrophy (71).jpg,hypertrophy
hypertrophy (72).jpg,hypertrophy
hypertrophy (73).jpg,hypertrophy
hypertrophy (74).jpg,hypertrophy
hypertrophy (75).jpg,hypertrophy
hypertrophy (76).jpg,hypertrophy
hypertrophy (77).jpg,hypertrophy
hypertrophy (78).jpg,hypertrophy
hypertrophy (79).jpg,hypertrophy
hypertrophy (80).jpg,hypertrophy
hypertrophy (81).jpg,hypertrophy
hypertrophy (82).jpg,hypertrophy
hypertrophy (83).jpg,hypertrophy
hypertrophy (84).jpg,hypertrophy
hypertrophy (85).jpg,hypertrophy
hypertrophy (86).jpg,hypertrophy
hypertrophy (87).jpg,hypertrophy
hypertrophy (88).jpg,hypertrophy
hypertrophy (89).jpg,hypertrophy
hypertrophy (90).jpg,hypertrophy
hypertrophy (91).jpg,hypertrophy
hypertrophy (92).jpg,hypertrophy
hypertrophy (93).jpg,hypertrophy
hypertrophy (94).jpg,hypertrophy
hypertrophy (95).jpg,hypertrophy
hypertrophy (96).jpg,hypertrophy
hypertrophy (97).jpg,hypertrophy
hypertrophy (98).jpg,hypertrophy
hypertrophy (99).jpg,hypertrophy
hypertrophy (100).jpg,hypertrophy
hypertrophy (101).jpg,hypertrophy
hypertrophy (102).jpg,hypertrophy
hypertrophy (103).jpg,hypertrophy
hypertrophy (104).jpg,hypertrophy
hypertrophy (105).jpg,hypertrophy
hypertrophy (106).jpg,hypertrophy
hypertrophy (107).jpg,hypertrophy
hypertrophy (108).jpg,hypertrophy
hypertrophy (109).jpg,hypertrophy
hypertrophy (110).jpg,hypertrophy
hypertrophy (111).jpg,hypertrophy
hypertrophy (112).jpg,hypertrophy
hypertrophy (113).jpg,hypertrophy
hypertrophy (114).jpg,hypertrophy
hypertrophy (115).jpg,hypertrophy
hypertrophy (116).jpg,hypertrophy
hypertrophy (117).jpg,hypertrophy
hypertrophy (118).jpg,hypertrophy
hypertrophy (119).jpg,hypertrophy
hypertrophy (120).jpg,hypertrophy
hypertrophy (121).jpg,hypertrophy
hypertrophy (122).jpg,hypertrophy
hypertrophy (123).jpg,hypertrophy
hypertrophy (124).jpg,hypertrophy
hypertrophy (125).jpg,hypertrophy
hypertrophy (126).jpg,hypertrophy
hypertrophy (127).jpg,hypertrophy
hypertrophy (128).jpg,hypertrophy
hypertrophy (129).jpg,hypertrophy
hypertrophy (130).jpg,hypertrophy
hypertrophy (131).jpg,hypertrophy
hypertrophy (132).jpg,hypertrophy
hypertrophy (133).jpg,hypertrophy
hypertrophy (134).jpg,hypertrophy
hypertrophy (135).jpg,hypertrophy
hypertrophy (136).jpg,hypertrophy
hypertrophy (137).jpg,hypertrophy
hypertrophy (138).jpg,hypertrophy
hypertrophy (139).jpg,hypertrophy
hypertrophy (140).jpg,hypertrophy
hypertrophy (141).jpg,hypertrophy
hypertrophy (142).jpg,hypertrophy
hypertrophy (143).jpg,hypertrophy
hypertrophy (144).jpg,hypertrophy
hypertrophy (145).jpg,hypertrophy
hypertrophy (146).jpg,hypertrophy
hypertrophy (147).jpg,hypertrophy
hypertrophy (148).jpg,hypertrophy
hypertrophy (149).jpg,hypertrophy
hypertrophy (150).jpg,hypertrophy
hypertrophy (151).jpg,hypertrophy
hypertrophy (152).jpg,hypertrophy
hypertrophy (153).jpg,hypertrophy
hypertrophy (154).jpg,hypertrophy
hypertrophy (155).jpg,hypertrophy
hypertrophy (156).jpg,hypertrophy
hypertrophy (157).jpg,hypertrophy
hypertrophy (158).jpg,hypertrophy
hypertrophy (159).jpg,hypertrophy
hypertrophy (160).jpg,hypertrophy
hypertrophy (161).jpg,hypertrophy
hypertrophy (162).jpg,hypertrophy
hypertrophy (163).jpg,hypertrophy
hypertrophy (164).jpg,hypertrophy
hypertrophy (165).jpg,hypertrophy
hypertrophy (166).jpg,hypertrophy
hypertrophy (167).jpg,hypertrophy
hypertrophy (168).jpg,hypertrophy
hypertrophy (169).jpg,hypertrophy
hypertrophy (170).jpg,hypertrophy
hypertrophy (171).jpg,hypertrophy
hypertrophy (172).jpg,hypertrophy
hypertrophy (173).jpg,hypertrophy
hypertrophy (174).jpg,hypertrophy
hypertrophy (175).jpg,hypertrophy
hypertrophy (176).jpg,hypertrophy
hypertrophy (177).jpg,hypertrophy
hypertrophy (178).jpg,hypertrophy
hypertrophy (179).jpg,hypertrophy
hypertrophy (180).jpg,hypertrophy
hypertrophy (181).jpg,hypertrophy
hypertrophy (182).jpg,hypertrophy
hypertrophy (183).jpg,hypertrophy
hypertrophy (184).jpg,hypertrophy
hypertrophy (185).jpg,hypertrophy
hypertrophy (186).jpg,hypertrophy
hypertrophy (187).jpg,hypertrophy
hypertrophy (188).jpg,hypertrophy
hypertrophy (189).jpg,hypertrophy
hypertrophy (190).jpg,hypertrophy
hypertrophy (191).jpg,hypertrophy
hypertrophy (192).jpg,hypertrophy
hypertrophy (193).jpg,hypertrophy
hypertrophy (194).jpg,hypertrophy
hypertrophy (195).jpg,hypertrophy
hypertrophy (196).jpg,hypertrophy
hypertrophy (197).jpg,hypertrophy
hypertrophy (198).jpg,hypertrophy
hypertrophy (199).jpg,hypertrophy
hypertrophy (200).jpg,hypertrophy
hypertrophy (201).jpg,hypertrophy
hypertrophy (202).jpg,hypertrophy
hypertrophy (203).jpg,hypertrophy
hypertrophy (204).jpg,hypertrophy
hypertrophy (205).jpg,hypertrophy
hypertrophy (206).jpg,hypertrophy
hypertrophy (207).jpg,hypertrophy
hypertrophy (208).jpg,hypertrophy
papule (1).jpg,papule
papule (2).jpg,papule
papule (3).jpg,papule
papule (4).jpg,papule
papule (5).jpg,papule
papule (6).jpg,papule
papule (7).jpg,papule
papule (8).jpg,papule
papule (9).jpg,papule
papule (10).jpg,papule
papule (11).jpg,papule
papule (12).jpg,papule
papule (13).jpg,papule
papule (14).jpg,papule
papule (15).jpg,papule
papule (16).jpg,papule
papule (17).jpg,papule
papule (18).jpg,papule
papule (19).jpg,papule
papule (20).jpg,papule
papule (21).jpg,papule
papule (22).jpg,papule
papule (23).jpg,papule
papule (24).jpg,papule
papule (25).jpg,papule
papule (26).jpg,papule
papule (27).jpg,papule
papule (28).jpg,papule
papule (29).jpg,papule
papule (30).jpg,papule
papule (31).jpg,papule
papule (32).jpg,papule
papule (33).jpg,papule
papule (34).jpg,papule
papule (35).jpg,papule
papule (36).jpg,papule
papule (37).jpg,papule
papule (38).jpg,papule
papule (39).jpg,papule
papule (40).jpg,papule
papule (41).jpg,papule
papule (42).jpg,papule
papule (43).jpg,papule
papule (44).jpg,papule
papule (45).jpg,papule
papule (46).jpg,papule
papule (47).jpg,papule
papule (48).jpg,papule
papule (49).jpg,papule
papule (50).jpg,papule
papule (51).jpg,papule
papule (52).jpg,papule
papule (53).jpg,papule
papule (54).jpg,papule
papule (55).jpg,papule
papule (56).jpg,papule
papule (57).jpg,papule
papule (58).jpg,papule
papule (59).jpg,papule
papule (60).jpg,papule
papule (61).jpg,papule
papule (62).jpg,papule
papule (63).jpg,papule
papule (64).jpg,papule
papule (65).jpg,papule
papule (66).jpg,papule
papule (67).jpg,papule
papule (68).jpg,papule
papule (69).jpg,papule
papule (70).jpg,papule
papule (71).jpg,papule
papule (72).jpg,papule
papule (73).jpg,papule
papule (74).jpg,papule
papule (75).jpg,papule
papule (76).jpg,papule
papule (77).jpg,papule
papule (78).jpg,papule
papule (79).jpg,papule
papule (80).jpg,papule
papule (81).jpg,papule
papule (82).jpg,papule
papule (83).jpg,papule
papule (84).jpg,papule
papule (85).jpg,papule
papule (86).jpg,papule
papule (87).jpg,papule
papule (88).jpg,papule
papule (89).jpg,papule
papule (90).jpg,papule
papule (91).jpg,papule
papule (92).jpg,papule
papule (93).jpg,papule
papule (94).jpg,papule
papule (95).jpg,papule
papule (96).jpg,papule
papule (97).jpg,papule
papule (98).jpg,papule
papule (99).jpg,papule
papule (100).jpg,papule
papule (101).jpg,papule
papule (102).jpg,papule
papule (103).jpg,papule
papule (104).jpg,papule
papule (105).jpg,papule
papule (106).jpg,papule
papule (107).jpg,papule
papule (108).jpg,papule
papule (109).jpg,papule
papule (110).jpg,papule
papule (111).jpg,papule
papule (112).jpg,papule
papule (113).jpg,papule
papule (114).jpg,papule
papule (115).jpg,papule
papule (116).jpg,papule
papule (117).jpg,papule
papule (118).jpg,papule
papule (119).jpg,papule
papule (120).jpg,papule
papule (121).jpg,papule
papule (122).jpg,papule
papule (123).jpg,papule
papule (124).jpg,papule
papule (125).jpg,papule
papule (126).jpg,papule
papule (127).jpg,papule
papule (128).jpg,papule
papule (129).jpg,papule
papule (130).jpg,papule
papule (131).jpg,papule
papule (132).jpg,papule
papule (133).jpg,papule
papule (134).jpg,papule
papule (135).jpg,papule
papule (136).jpg,papule
papule (137).jpg,papule
papule (138).jpg,papule
papule (139).jpg,papule
papule (140).jpg,papule
papule (141).jpg,papule
papule (142).jpg,papule
papule (143).jpg,papule
papule (144).jpg,papule
papule (145).jpg,papule
papule (146).jpg,papule
papule (147).jpg,papule
papule (148).jpg,papule
papule (149).jpg,papule
papule (150).jpg,papule
papule (151).jpg,papule
papule (152).jpg,papule
papule (153).jpg,papule
papule (154).jpg,papule
papule (155).jpg,papule
papule (156).jpg,papule
papule (157).jpg,papule
papule (158).jpg,papule
papule (159).jpg,papule
papule (160).jpg,papule
papule (161).jpg,papule
papule (162).jpg,papule
papule (163).jpg,papule
papule (164).jpg,papule
papule (165).jpg,papule
papule (166).jpg,papule
papule (167).jpg,papule
papule (168).jpg,papule
papule (169).jpg,papule
papule (170).jpg,papule
papule (171).jpg,papule
papule (172).jpg,papule
papule (173).jpg,papule
papule (174).jpg,papule
papule (175).jpg,papule
papule (176).jpg,papule
papule (177).jpg,papule
papule (178).jpg,papule
papule (179).jpg,papule
papule (180).jpg,papule
papule (181).jpg,papule
papule (182).jpg,papule
papule (183).jpg,papule
papule (184).jpg,papule
papule (185).jpg,papule
papule (186).jpg,papule
papule (187).jpg,papule
papule (188).jpg,papule
papule (189).jpg,papule
papule (190).jpg,papule
papule (191).jpg,papule
papule (192).jpg,papule
papule (193).jpg,papule
papule (194).jpg,papule
papule (195).jpg,papule
papule (196).jpg,papule
papule (197).jpg,papule
papule (198).jpg,papule
papule (199).jpg,papule
papule (200).jpg,papule
papule (201).jpg,papule
papule (202).jpg,papule
papule (203).jpg,papule
papule (204).jpg,papule
papule (205).jpg,papule
papule (206).jpg,papule
papule (207).jpg,papule
papule (208).jpg,papule
papule (209).jpg,papule
papule (210).jpg,papule
papule (211).jpg,papule
papule (212).jpg,papule
papule (213).jpg,papule
papule (214).jpg,papule
papule (215).jpg,papule
papule (216).jpg,papule
papule (217).jpg,papule
papule (218).jpg,papule
papule (219).jpg,papule
papule (220).jpg,papule
papule (221).jpg,papule
papule (222).jpg,papule
papule (223).jpg,papule
papule (224).jpg,papule
papule (225).jpg,papule
papule (226).jpg,papule
papule (227).jpg,papule
papule (228).jpg,papule
papule (229).jpg,papule
papule (230).jpg,papule
papule (231).jpg,papule
papule (232).jpg,papule
papule (233).jpg,papule
papule (234).jpg,papule
papule (235).jpg,papule
papule (236).jpg,papule
papule (237).jpg,papule
papule (238).jpg,papule
papule (239).jpg,papule
papule (240).jpg,papule
papule (241).jpg,papule
papule (242).jpg,papule
papule (243).jpg,papule
papule (244).jpg,papule
papule (245).jpg,papule
papule (246).jpg,papule
papule (247).jpg,papule
papule (248).jpg,papule
papule (249).jpg,papule
papule (250).jpg,papule
papule (251).jpg,papule
papule (252).jpg,papule
papule (253).jpg,papule
papule (254).jpg,papule
papule (255).jpg,papule
papule (256).jpg,papule
papule (257).jpg,papule
papule (258).jpg,papule
papule (259).jpg,papule
papule (260).jpg,papule
papule (261).jpg,papule
papule (262).jpg,papule
papule (263).jpg,papule
papule (264).jpg,papule
papule (265).jpg,papule
papule (266).jpg,papule
papule (267).jpg,papule
papule (268).jpg,papule
papule (269).jpg,papule
papule (270).jpg,papule
papule (271).jpg,papule
papule (272).jpg,papule
dermatitis (1).jpg,dermatitis
dermatitis (2).jpg,dermatitis
dermatitis (3).jpg,dermatitis
dermatitis (4).jpg,dermatitis
dermatitis (5).jpg,dermatitis
dermatitis (6).jpg,dermatitis
dermatitis (7).jpg,dermatitis
dermatitis (8).jpg,dermatitis
dermatitis (9).jpg,dermatitis
dermatitis (10).jpg,dermatitis
dermatitis (11).jpg,dermatitis
dermatitis (12).jpg,dermatitis
dermatitis (13).jpg,dermatitis
dermatitis (14).jpg,dermatitis
dermatitis (15).jpg,dermatitis
dermatitis (16).jpg,dermatitis
dermatitis (17).jpg,dermatitis
dermatitis (18).jpg,dermatitis
dermatitis (19).jpg,dermatitis
dermatitis (20).jpg,dermatitis
dermatitis (21).jpg,dermatitis
dermatitis (22).jpg,dermatitis
dermatitis (23).jpg,dermatitis
dermatitis (24).jpg,dermatitis
dermatitis (25).jpg,dermatitis
dermatitis (26).jpg,dermatitis
dermatitis (27).jpg,dermatitis
dermatitis (28).jpg,dermatitis
dermatitis (29).jpg,dermatitis
dermatitis (30).jpg,dermatitis
dermatitis (31).jpg,dermatitis
dermatitis (32).jpg,dermatitis
dermatitis (33).jpg,dermatitis
dermatitis (34).jpg,dermatitis
dermatitis (35).jpg,dermatitis
dermatitis (36).jpg,dermatitis
dermatitis (37).jpg,dermatitis
dermatitis (38).jpg,dermatitis
dermatitis (39).jpg,dermatitis
dermatitis (40).jpg,dermatitis
dermatitis (41).jpg,dermatitis
dermatitis (42).jpg,dermatitis
dermatitis (43).jpg,dermatitis
dermatitis (44).jpg,dermatitis
dermatitis (45).jpg,dermatitis
dermatitis (46).jpg,dermatitis
dermatitis (47).jpg,dermatitis
dermatitis (48).jpg,dermatitis
dermatitis (49).jpg,dermatitis
dermatitis (50).jpg,dermatitis
dermatitis (51).jpg,dermatitis
dermatitis (52).jpg,dermatitis
dermatitis (53).jpg,dermatitis
dermatitis (54).jpg,dermatitis
dermatitis (55).jpg,dermatitis
dermatitis (56).jpg,dermatitis
dermatitis (57).jpg,dermatitis
dermatitis (58).jpg,dermatitis
dermatitis (59).jpg,dermatitis
dermatitis (60).jpg,dermatitis
dermatitis (61).jpg,dermatitis
dermatitis (62).jpg,dermatitis
dermatitis (63).jpg,dermatitis
dermatitis (64).jpg,dermatitis
dermatitis (65).jpg,dermatitis
dermatitis (66).jpg,dermatitis
dermatitis (67).jpg,dermatitis
dermatitis (68).jpg,dermatitis
dermatitis (69).jpg,dermatitis
dermatitis (70).jpg,dermatitis
dermatitis (71).jpg,dermatitis
dermatitis (72).jpg,dermatitis
dermatitis (73).jpg,dermatitis
dermatitis (74).jpg,dermatitis
dermatitis (75).jpg,dermatitis
dermatitis (76).jpg,dermatitis
dermatitis (77).jpg,dermatitis
dermatitis (78).jpg,dermatitis
dermatitis (79).jpg,dermatitis
dermatitis (80).jpg,dermatitis
dermatitis (81).jpg,dermatitis
dermatitis (82).jpg,dermatitis
dermatitis (83).jpg,dermatitis
dermatitis (84).jpg,dermatitis
dermatitis (85).jpg,dermatitis
dermatitis (86).jpg,dermatitis
dermatitis (87).jpg,dermatitis
dermatitis (88).jpg,dermatitis
dermatitis (89).jpg,dermatitis
dermatitis (90).jpg,dermatitis
dermatitis (91).jpg,dermatitis
dermatitis (92).jpg,dermatitis
dermatitis (93).jpg,dermatitis
dermatitis (94).jpg,dermatitis
dermatitis (95).jpg,dermatitis
dermatitis (96).jpg,dermatitis
dermatitis (97).jpg,dermatitis
dermatitis (98).jpg,dermatitis
dermatitis (99).jpg,dermatitis
dermatitis (100).jpg,dermatitis
dermatitis (101).jpg,dermatitis
dermatitis (102).jpg,dermatitis
dermatitis (103).jpg,dermatitis
dermatitis (104).jpg,dermatitis
dermatitis (105).jpg,dermatitis
dermatitis (106).jpg,dermatitis
dermatitis (107).jpg,dermatitis
dermatitis (108).jpg,dermatitis
dermatitis (109).jpg,dermatitis
dermatitis (110).jpg,dermatitis
dermatitis (111).jpg,dermatitis
dermatitis (112).jpg,dermatitis
dermatitis (113).jpg,dermatitis
dermatitis (114).jpg,dermatitis
dermatitis (115).jpg,dermatitis
dermatitis (116).jpg,dermatitis
dermatitis (117).jpg,dermatitis
dermatitis (118).jpg,dermatitis
dermatitis (119).jpg,dermatitis
dermatitis (120).jpg,dermatitis
dermatitis (121).jpg,dermatitis
dermatitis (122).jpg,dermatitis
dermatitis (123).jpg,dermatitis
dermatitis (124).jpg,dermatitis
dermatitis (125).jpg,dermatitis
dermatitis (126).jpg,dermatitis
dermatitis (127).jpg,dermatitis
dermatitis (128).jpg,dermatitis
dermatitis (129).jpg,dermatitis
dermatitis (130).jpg,dermatitis
dermatitis (131).jpg,dermatitis
dermatitis (132).jpg,dermatitis
dermatitis (133).jpg,dermatitis
dermatitis (134).jpg,dermatitis
dermatitis (135).jpg,dermatitis
dermatitis (136).jpg,dermatitis
dermatitis (137).jpg,dermatitis
dermatitis (138).jpg,dermatitis
dermatitis (139).jpg,dermatitis
dermatitis (140).jpg,dermatitis
dermatitis (141).jpg,dermatitis
dermatitis (142).jpg,dermatitis
dermatitis (143).jpg,dermatitis
dermatitis (144).jpg,dermatitis
dermatitis (145).jpg,dermatitis
dermatitis (146).jpg,dermatitis
dermatitis (147).jpg,dermatitis
dermatitis (148).jpg,dermatitis
dermatitis (149).jpg,dermatitis
dermatitis (150).jpg,dermatitis
dermatitis (151).jpg,dermatitis
dermatitis (152).jpg,dermatitis
dermatitis (153).jpg,dermatitis
dermatitis (154).jpg,dermatitis
dermatitis (155).jpg,dermatitis
dermatitis (156).jpg,dermatitis
dermatitis (157).jpg,dermatitis
dermatitis (158).jpg,dermatitis
dermatitis (159).jpg,dermatitis
dermatitis (160).jpg,dermatitis
dermatitis (161).jpg,dermatitis
dermatitis (162).jpg,dermatitis
dermatitis (163).jpg,dermatitis
dermatitis (164).jpg,dermatitis
dermatitis (165).jpg,dermatitis
dermatitis (166).jpg,dermatitis
dermatitis (167).jpg,dermatitis
dermatitis (168).jpg,dermatitis
dermatitis (169).jpg,dermatitis
dermatitis (170).jpg,dermatitis
dermatitis (171).jpg,dermatitis
dermatitis (172).jpg,dermatitis
dermatitis (173).jpg,dermatitis
dermatitis (174).jpg,dermatitis
dermatitis (175).jpg,dermatitis
dermatitis (176).jpg,dermatitis
dermatitis (177).jpg,dermatitis
dermatitis (178).jpg,dermatitis
dermatitis (179).jpg,dermatitis
dermatitis (180).jpg,dermatitis
dermatitis (181).jpg,dermatitis
dermatitis (182).jpg,dermatitis
dermatitis (183).jpg,dermatitis
dermatitis (184).jpg,dermatitis
dermatitis (185).jpg,dermatitis
dermatitis (186).jpg,dermatitis
dermatitis (187).jpg,dermatitis
dermatitis (188).jpg,dermatitis
dermatitis (189).jpg,dermatitis
dermatitis (190).jpg,dermatitis
dermatitis (191).jpg,dermatitis
dermatitis (192).jpg,dermatitis
dermatitis (193).jpg,dermatitis
dermatitis (194).jpg,dermatitis
dermatitis (195).jpg,dermatitis
dermatitis (196).jpg,dermatitis
dermatitis (197).jpg,dermatitis
dermatitis (198).jpg,dermatitis
dermatitis (199).jpg,dermatitis
